<Robot name="IRB140">
  <KinBody>
    <Body name="base" type="dynamic">
      <Translation>0.0  0.0  0.0</Translation>
      <Geom type="trimesh">
	<collision>models/IRB140_BASE.STL</collision>
	<diffuseColor>.876 .481 0.0 </diffuseColor>
      </Geom>
    </Body>
 
    <Body name="link1" type="dynamic">
      <offsetfrom>base</offsetfrom>
      <Translation>0 0 0.0</Translation>
      <Geom type="trimesh">
	<collision>models/IRB140_LINK1.STL</collision>
	<diffuseColor>.876 .481 0.0 </diffuseColor>
      </Geom>
    </Body>

    <Body name="link2" type="dynamic">
      <offsetfrom>link1</offsetfrom>
      <Translation>0 0 0.0</Translation>
      <Geom type="trimesh">
	<collision>models/IRB140_LINK2.STL</collision>
	<diffuseColor>.876 .481 0.0 </diffuseColor>
      </Geom>
    </Body>

    <Body name="link3" type="dynamic">
      <offsetfrom>link2</offsetfrom>
      <Translation>0 0 0.0</Translation>
      <Geom type="trimesh">
	<collision>models/IRB140_LINK3.STL</collision>
	<diffuseColor>.876 .481 0.0 </diffuseColor>
      </Geom>
    </Body>

    <Body name="link4" type="dynamic">
      <offsetfrom>link3</offsetfrom>
      <Translation>0 0 0.0</Translation>
      <Geom type="trimesh">
	<collision>models/IRB140_LINK4.STL</collision>
	<diffuseColor>.876 .481 0.0 </diffuseColor>
      </Geom>
    </Body>

    <Body name="link5" type="dynamic">
      <offsetfrom>link4</offsetfrom>
      <Translation>0 0 0.0</Translation>
      <Geom type="trimesh">
	<collision>models/IRB140_LINK5.STL</collision>
	<diffuseColor>.876 .481 0.0 </diffuseColor>
      </Geom>
    </Body>

    <Body name="link6" type="dynamic">
      <offsetfrom>link5</offsetfrom>
      <Translation>0 0 0.0</Translation>
      <Geom type="trimesh">
	<collision>models/IRB140_LINK6.STL</collision>
	<diffuseColor>.6 .6 .6 </diffuseColor>
      </Geom>
    </Body>

    <Body name="tool_changer" type="dynamic">
      <Translation>0.515  0.0  .712</Translation>
      <rotationaxis>0 1 0 90</rotationaxis>
      <offsetfrom>link6</offsetfrom>
      <Geom type="trimesh">
	<collision>../tooling/wrist_loaded.STL</collision>
	<diffuseColor>1 1 1 </diffuseColor>
      </Geom>
    </Body>

    <Joint circular="false" name="joint1" type="hinge">
      <Body>base</Body>
      <Body>link1</Body>
      <offsetfrom>link1</offsetfrom>
      <weight>4</weight>
      <limits>3.1415926 -3.1415926</limits>
      <axis>0 0 1</axis>
      <maxvel>3</maxvel>
      <resolution>1</resolution>
    </Joint>

    <Joint circular="false" name="joint2" type="hinge">
      <Body>link1</Body>
      <Body>link2</Body>
      <offsetfrom>link2</offsetfrom>
      <weight>4</weight>
      <limits>1.91986 -1.57079</limits>
      <axis>0 -1 0</axis>
      <anchor>.07 0 .352</anchor>
      <maxvel>3</maxvel>
      <resolution>1</resolution>
    </Joint>
 
    <Joint circular="false" name="joint3" type="hinge">
      <Body>link2</Body>
      <Body>link3</Body>
      <offsetfrom>link3</offsetfrom>
      <weight>4</weight>
      <limits>.87266 -4.01425</limits>
      <axis>0 1 0</axis>
      <anchor>.07 0 .712</anchor>
      <maxvel>3</maxvel>
      <resolution>1</resolution>
    </Joint>

    <Joint circular="false" name="joint4" type="hinge">
      <Body>link3</Body>
      <Body>link4</Body>
      <offsetfrom>link4</offsetfrom>
      <weight>4</weight>
      <limits>3.49065 -3.49065</limits>
      <axis>1 0 0</axis>
      <anchor>.07 0 .712</anchor>
      <maxvel>3</maxvel>
      <resolution>1</resolution>
    </Joint>

    <Joint circular="false" name="joint5" type="hinge">
      <Body>link4</Body>
      <Body>link5</Body>
      <offsetfrom>link5</offsetfrom>
      <weight>4</weight>
      <limits>2.0071 -2.0071</limits>
      <axis>0 1 0</axis>
      <anchor>.45 0 .712</anchor>
      <maxvel>3</maxvel>
      <resolution>1</resolution>
    </Joint>

    <Joint circular="false" name="joint6" type="hinge">
      <Body>link5</Body>
      <Body>link6</Body>
      <offsetfrom>link6</offsetfrom>
      <weight>4</weight>
      <limits>6.9813 -6.9813</limits>
      <axis>1 0 0</axis>
      <anchor>.45 0 .712</anchor>
      <maxvel>3</maxvel>
      <resolution>1</resolution>
    </Joint>


  </KinBody>

  <Manipulator name="toolflange">
    <base>base</base> 
    <effector>link6</effector>
    <Translation>.515 0 .712</Translation>
  </Manipulator>

  <Manipulator name="tool_changer">
    <base>base</base> 
    <effector>tool_changer</effector>
    <Translation>.0 0 .07238</Translation>
  </Manipulator>

</Robot>
